Phytozome ID	Renamed Gene ID	Chr. Number	Start	End	Strand	Classification
AH000437-RA	AhypMYB001	1	4347118	4350441	+	R2R3-MYB
AH000571-RA	AhypMYB002	1	6111350	6111598	-	1R-MYB
AH001026-RA	AhypMYB003	1	17253394	17263798	+	R2R3-MYB
AH001212-RA	AhypMYB004	1	22587176	22587454	-	1R-MYB
AH001676-RA	AhypMYB005	1	29106574	29107296	+	R2R3-MYB
AH001803-RA	AhypMYB006	1	30781043	30782208	+	1R-MYB
AH001812-RA	AhypMYB007	1	30841884	30842117	+	1R-MYB
AH002163-RA	AhypMYB008	1	34654100	34660585	+	1R-MYB
AH002516-RA	AhypMYB009	2	325354	327747	-	1R-MYB
AH002654-RA	AhypMYB010	2	1693408	1697559	+	R2R3-MYB
AH002675-RA	AhypMYB011	2	1885687	1892177	-	R2R3-MYB
AH002727-RA	AhypMYB012	2	2339079	2348394	-	1R-MYB
AH002765-RA	AhypMYB013	2	2765136	2766640	+	1R-MYB
AH002820-RA	AhypMYB014	2	3367993	3371019	+	R2R3-MYB
AH003825-RA	AhypMYB015	2	26602104	26603838	+	1R-MYB
AH003910-RA	AhypMYB016	2	27851350	27852357	-	R2R3-MYB
AH004597-RA	AhypMYB017	2	34684193	34688768	-	R2R3-MYB
AH004643-RA	AhypMYB018	2	35168186	35172904	-	1R-MYB
AH005041-RA	AhypMYB019	3	3408057	3411966	+	1R-MYB
AH005091-RA	AhypMYB020	3	3994122	4001189	+	1R-MYB
AH005463-RA	AhypMYB021	3	8255022	8258069	+	R2R3-MYB
AH005754-RA	AhypMYB022	3	12349169	12349408	-	1R-MYB
AH005903-RA	AhypMYB023	3	14823083	14827315	-	R2R3-MYB
AH006161-RA	AhypMYB024	3	24203078	24204007	+	R2R3-MYB
AH006536-RA	AhypMYB025	4	605032	607160	+	1R-MYB
AH006564-RA	AhypMYB026	4	859525	861496	+	R2R3-MYB
AH006797-RA	AhypMYB027	4	3578367	3583083	+	1R-MYB
AH006835-RA	AhypMYB028	4	4027797	4041574	+	1R-MYB
AH007017-RA	AhypMYB029	4	6282575	6313835	-	1R-MYB
AH007459-RA	AhypMYB030	4	18020982	18024389	+	1R-MYB
AH007496-RA	AhypMYB031	4	18913849	18917966	+	R2R3-MYB
AH007563-RA	AhypMYB032	4	20191462	20211204	-	1R-MYB
AH007777-RA	AhypMYB033	4	23249859	23252908	-	R2R3-MYB
AH007850-RA	AhypMYB034	4	24054829	24058125	-	1R-MYB
AH007879-RA	AhypMYB035	4	24317119	24319600	-	R2R3-MYB
AH008213-RA	AhypMYB036	4	27530347	27535987	-	R2R3-MYB
AH008358-RA	AhypMYB037	5	579630	579812	+	1R-MYB
AH008409-RA	AhypMYB038	5	1052739	1053548	-	R2R3-MYB
AH008669-RA	AhypMYB039	5	4050021	4052592	+	R2R3-MYB
AH009253-RA	AhypMYB040	5	19201381	19204399	+	1R-MYB
AH009423-RA	AhypMYB041	5	21910241	21911976	+	1R-MYB
AH009451-RA	AhypMYB042	5	22263863	22268886	+	1R-MYB
AH009477-RA	AhypMYB043	5	22526953	22528826	-	1R-MYB
AH009534-RA	AhypMYB044	5	23539512	23542058	+	1R-MYB
AH009641-RA	AhypMYB045	5	24842339	24851875	+	1R-MYB
AH010245-RA	AhypMYB046	6	11638123	11639185	-	1R-MYB
AH010246-RA	AhypMYB047	6	11640385	11641431	+	1R-MYB
AH010247-RA	AhypMYB048	6	11646732	11647851	-	1R-MYB
AH010249-RA	AhypMYB049	6	11659708	11661037	-	1R-MYB
AH010625-RA	AhypMYB050	6	17726257	17733501	-	R2R3-MYB
AH010708-RA	AhypMYB051	6	18831729	18835185	-	1R-MYB
AH010904-RA	AhypMYB052	6	21111536	21120850	+	1R-MYB
AH011004-RA	AhypMYB053	6	22323944	22328653	-	1R-MYB
AH011097-RA	AhypMYB054	6	23281013	23281373	-	R2R3-MYB
AH011098-RA	AhypMYB055	6	23284708	23285459	-	R2R3-MYB
AH011132-RA	AhypMYB056	6	23586781	23590275	-	1R-MYB
AH011817-RA	AhypMYB057	7	16604624	16607461	+	1R-MYB
AH011877-RA	AhypMYB058	7	17410368	17424193	-	1R-MYB
AH012097-RA	AhypMYB059	7	20651084	20659328	-	1R-MYB
AH012382-RA	AhypMYB060	7	23833366	23838041	+	R2R3-MYB
AH012748-RA	AhypMYB061	8	3120362	3122399	+	1R-MYB
AH013140-RA	AhypMYB062	8	6814827	6815815	+	1R-MYB
AH013332-RA	AhypMYB063	8	9238086	9242845	-	1R-MYB
AH013365-RA	AhypMYB064	8	9713589	9728997	-	1R-MYB
AH013777-RA	AhypMYB065	8	16473880	16476434	+	R2R3-MYB
AH013791-RA	AhypMYB066	8	16916235	16917424	-	1R-MYB
AH014208-RA	AhypMYB067	9	9239149	9246511	+	1R-MYB
AH014245-RA	AhypMYB068	9	9766958	9767485	+	R2R3-MYB
AH014386-RA	AhypMYB069	9	12049657	12052593	+	1R-MYB
AH014566-RA	AhypMYB070	9	14705869	14708414	+	1R-MYB
AH014735-RA	AhypMYB071	9	16593918	16595822	-	R2R3-MYB
AH014879-RA	AhypMYB072	9	18102067	18111478	-	1R-MYB
AH015104-RA	AhypMYB073	9	20410571	20417856	+	1R-MYB
AH015143-RA	AhypMYB074	9	20972446	20974332	-	R2R3-MYB
AH015144-RA	AhypMYB075	9	20987539	20989338	-	1R-MYB
AH015778-RA	AhypMYB076	10	12449805	12452878	+	1R-MYB
AH015794-RA	AhypMYB077	10	12819836	12821179	-	1R-MYB
AH015907-RA	AhypMYB078	10	14319845	14330266	+	R2R3-MYB
AH015990-RA	AhypMYB079	10	15331102	15331506	+	1R-MYB
AH016393-RA	AhypMYB080	10	20115159	20116855	-	R2R3-MYB
AH016406-RA	AhypMYB081	10	20274957	20279902	+	R2R3-MYB
AH016480-RA	AhypMYB082	10	21044188	21046794	+	1R-MYB
AH016589-RA	AhypMYB083	10	21954676	21956259	+	1R-MYB
AH016655-RA	AhypMYB084	10	22591021	22592607	-	1R-MYB
AH016987-RA	AhypMYB085	11	10781066	10792591	-	R2R3-MYB
AH017255-RA	AhypMYB086	11	14261425	14263031	+	1R-MYB
AH017583-RA	AhypMYB087	11	17966177	17968481	+	1R-MYB
AH017708-RA	AhypMYB088	11	19216471	19221745	-	1R-MYB
AH017938-RA	AhypMYB089	11	21648843	21652642	-	R2R3-MYB
AH017970-RA	AhypMYB090	11	22014885	22016937	-	1R-MYB
AH018003-RA	AhypMYB091	12	139557	144723	-	1R-MYB
AH018215-RA	AhypMYB092	12	2394598	2395587	-	R2R3-MYB
AH018298-RA	AhypMYB093	12	3174786	3177692	-	R2R3-MYB
AH018305-RA	AhypMYB094	12	3249881	3254782	-	1R-MYB
AH018530-RA	AhypMYB095	12	5905728	5907572	-	1R-MYB
AH018666-RA	AhypMYB096	12	7668372	7672512	+	3R-MYB
AH019070-RA	AhypMYB097	12	15479423	15483669	-	R2R3-MYB
AH019074-RA	AhypMYB098	12	15611564	15628716	+	5R-MYB
AH019076-RA	AhypMYB099	12	15664501	15669297	-	1R-MYB
AH019077-RA	AhypMYB100	12	15680174	15684951	-	R2R3-MYB
AH019117-RA	AhypMYB101	12	16529249	16540962	+	3R-MYB
AH019287-RA	AhypMYB102	12	20319115	20320809	+	1R-MYB
AH019365-RA	AhypMYB103	12	21669723	21670923	-	1R-MYB
AH019643-RA	AhypMYB104	13	9537064	9538609	-	1R-MYB
AH020212-RA	AhypMYB105	13	17044980	17047524	+	R2R3-MYB
AH020330-RA	AhypMYB106	13	18164453	18170947	+	1R-MYB
AH020336-RA	AhypMYB107	13	18251306	18256286	+	1R-MYB
AH020521-RA	AhypMYB108	13	19973291	19974636	-	R2R3-MYB
AH020542-RA	AhypMYB109	13	20098095	20100250	-	1R-MYB
AH020572-RA	AhypMYB110	13	20369692	20374189	+	1R-MYB
AH020988-RA	AhypMYB111	14	12360296	12363184	-	1R-MYB
AH021035-RA	AhypMYB112	14	13265675	13272196	+	R2R3-MYB
AH021155-RA	AhypMYB113	14	14771988	14773136	-	R2R3-MYB
AH021584-RA	AhypMYB114	14	19216943	19219996	-	1R-MYB
AH021613-RA	AhypMYB115	14	19474242	19479559	-	1R-MYB
AH021935-RA	AhypMYB116	15	2322293	2328466	-	1R-MYB
AH021957-RA	AhypMYB117	15	2517569	2525071	-	1R-MYB
AH022001-RA	AhypMYB118	15	2858661	2866952	+	1R-MYB
AH022468-RA	AhypMYB119	15	8900452	8901785	+	1R-MYB
AH022519-RA	AhypMYB120	15	10191932	10192911	+	R2R3-MYB
AH022551-RA	AhypMYB121	15	11701193	11706603	+	1R-MYB
AH022780-RA	AhypMYB122	16	532533	533617	-	1R-MYB
AH022904-RA	AhypMYB123	16	1877292	1879082	+	1R-MYB
AH022966-RA	AhypMYB124	16	2528779	2534111	+	1R-MYB
AH023023-RA	AhypMYB125	16	3272672	3275774	-	R2R3-MYB
AH023048-RA	AhypMYB126	16	3517407	3518863	+	R2R3-MYB
AH023115-RA	AhypMYB127	16	4378016	4379416	+	R2R3-MYB
AH023316-RA	AhypMYB128	16	7454985	7467727	-	3R-MYB
