,Root,Salt.stress,Insect.herbivory,Bacterial.infection,Stem,Flower,Leaves,Drought.stress
AhypMYB001,-0.7889688100182912,-1.0171220680092892,-0.09242971428586148,-1.6117072545342397,0.09257120973983497,0.023613077647276454,0.4611514232677102,0.23245939547165106
AhypMYB002,-0.1208153003629493,-0.7149197519667033,1.493197224878321,0.8859507835533398,-0.869822749988119,2.570693781291351,1.8385091836859206,-0.18083564701320493
AhypMYB003,-2.018649618821595,-1.6284240517243254,1.2105653720404321,-0.36997524275871363,0.4710125638774361,0.20670032375808103,1.7872402469080335,-0.0018124528867126165
AhypMYB004,-0.13368904031966128,0.12527352419087856,0.4407667018432162,-1.282964603451064,0.6392824191808985,-0.4806040711584494,0.2902778477599652,-1.124354095038262
AhypMYB005,0.7381714251159479,-0.5785115399233867,0.44289696039016396,1.221644029703794,0.824236759559382,-1.3171082992223986,0.8218431450874899,-1.431962342608092
AhypMYB006,1.557997612324496,1.4983138523875579,-0.44308085770661937,-0.33308290557277226,2.237881558518485,-1.0439393247945346,-0.12975197015956813,-0.20421382504691277
AhypMYB007,-2.0053943899657867,-0.10380492513543174,-1.4910994844744783,-1.6670962969833596,1.127458754626337,1.7282847396974916,0.14884304501532283,-1.0480020251046114
AhypMYB008,1.0061250963294228,-1.4694249886282744,0.3806708293557509,1.263192572878547,0.5753726299905354,0.4463470211283493,-2.1544573127177333,2.225639873164504
AhypMYB009,-0.13963203083615291,0.1327483901215103,1.9491471304543302,-0.5069010281626392,-0.15274324294481043,0.3937194988416916,-2.168853968311994,-1.6784668696178913
AhypMYB010,-0.25292052679902693,0.8532041490142123,-0.5858286173410377,-0.3675037294370835,0.435640914900164,-0.28123207233441794,1.141814948952685,0.49632887624141625
AhypMYB011,-1.3562419228246017,-0.5534970345118555,-0.003700963092683898,-1.9483726136066672,-0.27383811132302366,-0.8048149258515547,0.44172462739541135,0.11391317118398823
AhypMYB012,-1.6322119202123408,0.552860112387217,0.15834509390217563,-1.0417282682441749,1.4472477689574499,-0.9028311063262808,0.4091266215330932,-1.1969275271082038
AhypMYB013,0.7178102111865897,1.5421787595140224,-0.2797657196457226,0.4359443639523439,-0.6608809250045499,-0.9376521301122998,-1.7334625164504038,0.19652741131712087
AhypMYB014,0.6843008819519805,-0.5355400904397755,0.6402260322651766,-0.28378392576982503,-2.256538151345869,-0.2605147680790323,-0.0671116250573735,-2.378476460106598
AhypMYB015,0.5125051478903928,-0.5915231116164648,-0.629111826611374,1.5142698813995243,-0.06366854403393798,0.22602287108407582,-0.9274498751668538,-0.6303784317645577
AhypMYB016,0.2794936609701881,0.5667525696807003,0.8426112032434775,-0.6872339132917586,-0.11610056854909491,1.2684054660113642,-1.2631235293289071,0.29934078245382084
AhypMYB017,0.9474242896242571,-0.011269449410487912,-0.55358765639763,-1.7006728318145854,0.7304326523693063,0.2930373867668004,0.06858529362389673,-0.8947469970834426
AhypMYB018,-1.1838708291380153,0.47582399100448025,0.28685942759936445,1.2490847568920798,0.44696431610835197,-0.7176865971497371,-0.46984123854787146,0.10960684445747566
AhypMYB019,-1.8088624835981375,-1.085467904304579,-0.740236430772391,0.30454969908211815,0.976521350663793,0.4042678127429049,-0.7844187015271363,-0.37447613891950393
AhypMYB020,2.065295676371558,-0.047479452965442565,1.9165658026810435,1.2117363833589345,-0.6606063492567723,-0.9995914973224082,0.44865021401037164,0.545611823004224
AhypMYB021,-1.2896773610564332,-0.632793303289824,-1.9556562626792453,-0.41976092736235476,-1.3124103781608092,0.1249758670847676,0.7453742243732331,0.9304025451391991
AhypMYB022,-2.153712546141055,0.7572043631809009,0.22958372365645358,-0.629419832635035,0.1431918989872381,0.09807517200475309,-0.5828789208965851,-0.9671994952155268
AhypMYB023,0.8507497633158974,0.8456818747470578,1.5233825900472697,-0.3390876556259025,1.5690369586158424,1.4965183124770065,1.3188141339686115,-0.6674064562837504
AhypMYB024,0.8972192050704997,-0.14995935230593332,0.8933537595737732,1.112893506017236,1.0699606336044216,0.6068968095316288,0.4194960552955513,0.6725791938652048
AhypMYB025,0.7331797025890625,-0.5811452703984665,-1.241406512448349,-1.9509127157486648,0.9633248429511138,0.18282725296301774,-0.7552480763392381,1.288247346290087
AhypMYB026,0.08569823594963297,0.40392147320510946,-0.8415106811935383,0.09300686086400883,0.7017560197286958,-0.10479086025541616,-0.04841581444668616,0.2699285664251007
AhypMYB027,-0.3228104498975093,-0.5581289479644899,-0.12256090306947881,-0.2297071604321334,0.23116682559571392,0.48633473855147275,-0.7196116350604598,1.002536802509182
AhypMYB028,0.59053361931109,0.11178339790779258,0.7265391424429148,0.28259041111162514,0.7905476183563735,0.5741041861213522,-0.871292730564384,1.0982938290311504
AhypMYB029,-0.17662315322452243,1.3554226217354761,-0.059394829806078964,-1.1879309823083317,0.38179400227367766,-0.4609714703053556,0.9532918596220923,-0.8443109329868028
AhypMYB030,-0.4067404832924573,-1.1114727639233546,0.5151326192642961,0.7542455159491925,1.5168745311613554,-0.6580810390365212,-0.5947400268075986,0.04852044228872133
AhypMYB031,0.42194506199256265,1.1724926265625697,-0.5518224521209878,-0.7206507053986337,-0.5962512354277246,-1.3282408142290718,-2.4400993080876794,0.9735276600181556
AhypMYB032,-1.2310579111571829,-0.07918964935983247,0.8550511248096243,0.08877157047007507,-0.49435183139005634,-2.0335680404590124,-0.15187642743401933,0.2052084666296391
AhypMYB033,-0.5400731203782957,1.0241809815983731,0.31841056205522683,1.0050111682127874,-1.251823862425479,-0.1496825456877256,0.785262535985933,-1.8011315475075749
AhypMYB034,-0.03044923031579887,-1.24940391059746,-0.9286357244178488,-0.7731042491552746,-0.18987969416908348,-0.8670421393852784,-0.28827836370717397,2.0526220698601736
AhypMYB035,0.7177087430216962,1.0642261977384446,-1.5013922904733639,1.8017407321573977,-1.724936598810891,0.6822050190550689,-0.9613099388350705,0.5165081569118426
AhypMYB036,0.36333144325557776,0.5380219955451886,-0.3450978802594896,-0.3573016398347009,-0.80582032503124,1.7386831737712094,0.23764135218504212,1.4647301197312936
AhypMYB037,-0.856880313882481,-0.05430095539898325,-1.0675510722342803,-0.27968165382809057,-1.1417372462441957,-1.0529627489449707,0.7176453445786565,-0.0888880943161395
AhypMYB038,-1.3567306452859111,0.5110939306491177,-2.5798926040288155,0.108061241797321,0.8122126848060213,-0.0385574893328521,-0.7287717217403165,-2.320490613787104
AhypMYB039,-1.3556886767800282,-1.2797357977808674,0.7055859316251298,0.4149317765767426,-1.5270798963649894,-1.3699351525248502,-0.8195804515664449,-1.1045795273568462
AhypMYB040,1.3923378160850486,0.06945923974376367,-0.336876964661408,-0.2667055572141118,-0.8858282156983663,-0.781508281135125,0.42656804020982597,-0.6346960823984584
AhypMYB041,0.038805823342140146,1.6346260942728927,-0.6230446913746643,0.9143176325829557,1.9620004797446136,-0.5013340932631798,0.8793567599545049,1.1112895244227554
AhypMYB042,-1.1794024361587312,-0.982670833988891,0.2469897880977988,0.3926804291811056,0.1580896975514187,-1.4280237265331786,1.3362542500148982,1.2827880738574495
AhypMYB043,0.7802560330416142,1.1245131567040436,-1.0355384592766617,0.2927246743141945,-1.7935199689286072,-0.1439007808262348,0.913569674806123,2.121638512225406
AhypMYB044,1.0824513231275008,-1.1829542961045103,1.5684956347262387,-0.3305925216583136,0.029977339005948418,-1.4452578849961482,-1.024651479136992,0.4092150336797047
AhypMYB045,-1.5664479245271274,1.8174673926279261,-0.2992563239008423,0.16674944818388918,0.8299788794097872,0.22082966450945585,-1.6203610830994548,-0.893817076317517
AhypMYB046,0.671265771340201,0.1801913042582984,-0.013772650796650326,-0.6339063469750167,1.3822245705884333,0.24759840085675414,1.228891716147382,-0.46921096555552544
AhypMYB047,-1.3177589978642452,0.9156957816626861,-0.575459815702577,-0.6087800937673552,0.10085085374533832,1.4447965641061737,-0.47173717846963203,-1.1972468626135375
AhypMYB048,-0.7671983559211679,0.5568006739581072,1.1940491527501913,0.7757424600137188,0.015967306716957713,-0.4895993048324387,0.003662472039888166,-1.3507901003100398
AhypMYB049,0.28151608427766994,-1.1594341821885108,0.6897491751937728,-0.22182126913592878,0.6244649943306965,0.682872181580536,-0.027326764657018505,-0.2907368664542117
AhypMYB050,1.585118016087368,1.4165082018006532,0.1609902849254414,-0.6865380228246647,0.6366731149714009,-1.2485905418344772,-1.0190748168407144,0.15307061475054057
AhypMYB051,-1.8740874753590877,0.3146518800558694,-0.15095672175928168,-0.5269245693673633,0.3190132919616233,0.15494406643388128,1.6895084956376938,0.31730853009764903
AhypMYB052,-1.0941161740452472,1.143089306674399,0.140703250046927,3.1365403344213116,-0.5378323954192157,2.171617782372427,1.6444253369567086,0.6450187129928131
AhypMYB053,-0.4162467248368028,0.2380859950455829,-1.0222704112738512,1.657710455840403,-1.5833651814035918,-0.5977262607959761,0.7978131388216311,1.8895996178436885
AhypMYB054,-0.05572182464819266,-1.5009734276635622,0.932168156358934,-1.8341170349696274,0.0842239323261223,-0.5276137930921292,-0.07046113460800428,-1.4250782789890994
AhypMYB055,1.4249257838484255,-1.3143791231770197,0.1719445681672878,1.0514389775765127,-1.0577309095127003,1.3639169716056794,0.35543872465276743,-0.7867177732610986
AhypMYB056,0.6965564752097071,0.7522079436115028,-0.015793639902699566,0.10541027154910698,0.5229046419225466,1.7743001577696502,-0.7258405380165668,0.7519246061695264
AhypMYB057,-0.245966036549576,-0.29803750076994207,-1.5204910358618542,0.46007708117207535,1.1425832109087009,0.5244773224856533,-0.28449118773281373,-1.0720398396199144
AhypMYB058,-0.3606729264036874,0.4625924768519843,0.20911289134124134,0.8305305549112101,-0.1374961133810635,-0.06801198559288502,0.025105237304109507,0.8812145251110456
AhypMYB059,0.2672464425383837,-0.3103613676121444,0.5153466424009187,-0.14881314009129587,-0.047155674324990904,-0.4707141675832094,1.229193045745245,-0.24141150028775232
AhypMYB060,-0.5234445689180792,1.736722140383183,1.8450918603191033,0.302890910224523,0.486883264914622,-0.3712947719445683,-0.35807726031306586,-0.05115698745045908
AhypMYB061,-1.0304878355346676,0.591261103971748,-1.1336950750831059,-0.7700234361077268,-3.1586951775041983,-1.261939917593076,0.04633843298591999,-0.26484982032792115
AhypMYB062,-0.6783129124696765,-0.532668387591611,-0.8724783422085214,1.08373046119204,0.5778633263716606,-0.7866014793076106,-0.6750598169105387,-0.42067859450098133
AhypMYB063,-0.4483144540886803,-0.05023058919392876,-0.34630381478086025,-0.31152081189092484,1.4745478644420882,-0.0310708066698214,1.1826465392145846,0.20423575126763652
AhypMYB064,0.005636678089413394,-0.331120978767589,-0.5798232041886909,-0.0552405543084099,-1.1356810152452084,1.639873032709968,-0.22898529503605689,-0.021913547439941672
AhypMYB065,-0.5116705809072383,-1.03896352917561,2.4931876370247945,2.5913510416269294,0.5692785258767386,1.3210497253980682,1.1830207502521248,-0.17391222547257532
AhypMYB066,0.45194185074975557,-0.9202587455848062,1.7921861776903576,-0.20962341296007792,-1.3595190906372163,-0.01963855638977322,-0.8296805484850535,0.0015979994819348192
AhypMYB067,-2.4949947384731,-0.49254615551895187,-0.7726460776918603,0.6901933261336621,-0.7095374979014424,0.5375738569643121,2.3406075814708207,0.8186133079891846
AhypMYB068,1.2044374497560244,-0.3178793862515024,0.3636062666301786,0.3686255609027062,-1.5271716751108304,-0.5847299074241337,0.0716803463687115,-1.1754401739463292
AhypMYB069,-1.2911554912396843,0.03913694408475818,-0.20523667716411242,1.5791943002379882,0.05941688937729279,1.0590458941662142,-0.18689234790703466,-0.3160468519174718
AhypMYB070,-2.2457953017074908,1.5672799492005975,0.2456785289363345,-1.1518701223420171,-0.26113009501804846,0.22559232610147253,1.2032355911551238,1.198299300220355
AhypMYB071,-0.8706125569939445,-0.42219543546632043,0.4075059457079876,-0.3353630646937743,-1.00128840293306,-0.8678864625338594,0.14746169821439942,0.5415843640781421
AhypMYB072,0.24299715570452174,1.449201733030016,0.5626432320633827,-0.3735886874542227,-0.5475656375627849,-0.9781442152502224,0.9921437602506843,-0.44411791889481333
AhypMYB073,-1.2847556968986296,-0.4242394394732103,-2.7276178296554914,0.3459919910102194,0.8058820047329659,0.02542606657969723,-0.22179139473904455,-0.9512201841339876
AhypMYB074,0.46955760568384974,0.14361046610284786,-0.9750653239479342,-1.518592471477668,2.853134808447808,-0.3015382137406755,0.6632336121371164,0.658473530110427
AhypMYB075,0.4297060728946624,0.9905324050697351,-1.937381345948178,-1.430493753663019,0.24513755341745727,1.3252172108226505,-1.414099225422894,0.3375161725924676
AhypMYB076,1.3774183970528384,0.9444525312590716,-0.7982591767781179,1.1522120724899862,-0.5541296285254271,0.8941343172062802,1.3557016747634727,-0.7756578859185717
AhypMYB077,-0.9083410905552487,1.5614541169739646,1.4309552863045532,0.6378647772878392,-0.6526125291531665,0.9210785800970942,0.6054824269763993,-1.6263812221085436
AhypMYB078,-0.7012283036144696,2.4690127645650093,-0.6176811137930819,-0.07451184053222523,2.2032108623892293,0.4151586865042099,-0.8848586853830415,0.07809113294036615
AhypMYB079,-0.7372197436685428,-0.6867942180507735,1.3130950889428357,-0.8005394588090767,-0.6851381190073379,-0.45454208302612725,0.17889740175995195,-0.8122069000816483
AhypMYB080,-0.7551332577046821,-0.25932632185658616,1.4566447867087469,0.07492027551501924,0.2137958783215334,0.925385552557621,-0.8705397010577542,-0.1965105420418553
AhypMYB081,-1.6815314899093994,-2.2908953649496016,-0.5164069057187982,0.05914555686051867,-0.9718375145137917,-0.9591912277885002,-0.057954259137487855,-0.21119075421910224
AhypMYB082,-0.8161271794763199,-1.0952101916466896,-1.045817780289032,1.124571943104949,2.588073432435287,1.7542192931840583,0.7072088777845585,0.6748566296451121
AhypMYB083,0.11293002281538382,-0.11091449030067868,0.5326925491196507,-0.48110438298319447,-0.7692285599385928,-0.3331642320351858,0.06880552566127132,-0.8178193792130095
AhypMYB084,0.03944676043099333,0.1177857606123008,0.3326773411624693,2.13872217044632,-0.14036131744352853,-0.3508069123361985,-1.0026437738408862,0.8870147859014063
AhypMYB085,-1.5958244447492473,-1.2954184332678076,-1.1443738202015026,-1.2715672939825038,0.146994208387811,-1.643421477163957,-0.9834795085670254,-0.22555824792678766
AhypMYB086,-0.5435047769500024,-3.3060820370363317,0.5818898770001111,-0.11099508752971855,-1.5708486992332396,-0.7221629222459615,-0.8702313784593135,-0.025530499846048254
AhypMYB087,2.4636222856609726,1.403774415396177,0.2085123311545839,1.574842075156318,-0.24854534704576306,1.0037108303702096,-0.11633911565969962,-0.605205262122592
AhypMYB088,0.3477101838397249,0.196512908896892,-1.266956797556065,1.9405338690663618,-0.02596072275740728,-0.2115139222533323,0.16305131097365155,-0.1427968938897166
AhypMYB089,0.2228645423221528,-1.0730974006928884,0.6062778528356516,1.1041410388178963,0.08758915372973422,-0.3938897576103636,0.028297070038703343,0.7508606006098119
AhypMYB090,0.3429817873258366,-0.08342851032813371,-0.8982065040288728,1.6745630971952605,1.5840938460184322,-0.28644964570721815,-0.6167455999678552,-0.03205181450735159
AhypMYB091,-0.2560272194902498,1.7996442091014793,-0.5501711872661925,-0.5808212867205371,-1.2449550230208166,0.3382631119718044,1.8826377936519756,-0.6182848377084713
AhypMYB092,-0.074447299838647,2.3990675933155114,-0.7547590609942347,-1.8344771640015072,-1.2781843058764573,0.545885030971574,0.5440955475430437,-1.2271495336538378
AhypMYB093,0.8590514896532137,0.5608605053474922,0.3361926921861013,1.1849200291836963,-2.0648429149549,-0.6993687803361122,0.9354300242554888,0.4581755205133952
AhypMYB094,-0.7086235538221546,-0.4927652249377892,1.631642328990147,0.5634051504004296,-0.8373780566381286,0.5375085425544016,-0.6559721243766694,-0.46094665926333733
AhypMYB095,-2.313916343541061,-1.3003609220021441,1.5787104623955144,-1.3139541534141284,-0.8316547593377812,0.12809794006489839,1.0962628472875295,-0.9580847327072893
AhypMYB096,0.8928105955934414,-0.7030248300202339,-0.8754871082030408,-1.258729703795584,1.3934800449899127,1.2195930695290418,-0.3288232597644472,-0.34694601022036076
AhypMYB097,0.29225703688277266,-0.6763504631513166,-0.21940421267253576,-0.23772950335534843,-0.020939928929271833,-0.8781647158801569,-1.3184382735714808,1.2082819134681473
AhypMYB098,-1.6381267730714384,-0.28229771414168553,1.172371131401081,1.8460154915837552,-2.047006131808458,-0.10718598470676631,1.781946693836582,-0.7171227504344068
AhypMYB099,2.292014186050577,-0.5105774307530764,-2.428051154909101,-0.38458406877300977,-0.6365923593060215,-0.42320527909518757,-0.22995272454757962,-1.2755133378784513
AhypMYB100,-2.4549892420076525,-0.6354864234181736,-1.55522721979226,0.024653349486695765,-0.06057895619561374,2.618063397987083,-0.0624271264598057,-0.6408827306117117
AhypMYB101,0.3992324808373244,-0.8628851692911416,1.521566348639484,-1.24107980805583,0.2684907376994135,0.23941324382655982,0.427287693951963,-1.5830053163572042
AhypMYB102,-0.6382946674609234,0.9384874793983277,-0.21351312056733152,-0.9314894071488038,1.7779868343250798,2.1095330264337337,-0.2831814872813073,1.212379848421946
AhypMYB103,-0.6200235901907476,-0.0894748267586608,-0.6717704811252537,0.4670651231580894,-1.9817735380199666,-0.5892694676305662,-0.2937381411228925,-0.6868371554701673
AhypMYB104,-0.7955940470000004,-0.9589774046097141,0.1167993117161312,1.0019013140814657,0.2481345662659414,-1.3568851753304778,-0.544183529192641,-0.7644482503883089
AhypMYB105,-0.13018015992159293,0.5442227520147189,-2.6168826794951334,-0.2521374673467202,-0.006130042974228663,-2.2153992172365635,-0.08980373479715167,1.2684962738442733
AhypMYB106,-0.3058235899465621,-0.18128540366830753,-1.6623535812926802,-0.6670811166553487,0.44626816580318746,-1.6046446798176603,0.21002883591276503,-1.107935963096426
AhypMYB107,-0.5426403575984399,0.4057175659043348,-0.4003299923148488,0.8728412699840433,0.8172201999571889,0.7645953561745729,-0.9578938939703886,-1.068987163748661
AhypMYB108,-2.1344193526870026,-0.3361483830100271,-0.06513914774322381,1.3555956160338027,-0.2281183169931786,-0.5335688974425425,1.4901527813482414,0.476333740576068
AhypMYB109,1.4466355711546464,0.22127288346229254,-0.16661291062482922,0.9705778685296558,0.8527756322561271,-1.1411499704223784,-0.38286533745198853,-0.5176423949949517
AhypMYB110,-0.6285912038895273,-0.43128441975767057,0.6738272948502334,-0.44033256167762835,-0.6370167705073714,0.37637561092763006,-0.2438304601398231,0.016228528153855122
AhypMYB111,0.030405673676509808,-0.5523401945165463,2.5190230734245413,-2.5843580547806653,-1.046081002168039,-0.5508224765352472,1.8519892133978904,0.33150593417221985
AhypMYB112,-0.1736041339886649,0.5265540559525154,0.5368138773498907,0.31335481829517237,-1.1623434153980619,-0.7477682671592908,-0.48908633243667204,-0.587149911170265
AhypMYB113,1.587003644475068,0.1286015867631262,0.5643520410273657,-1.0909455238843735,-0.6371946617656096,-0.651295100215355,-0.5745178804422385,-0.22169718097981475
AhypMYB114,0.17889519354548492,-2.056228345246417,-1.8801840511621213,-1.041662972249881,0.6013604816735739,0.3306261168436867,1.0005783909466708,0.6754398609751582
AhypMYB115,0.6697719517950351,1.043542411461452,-2.992399338580346,-0.8589140118691785,0.5359185328766309,-1.4984623567693423,0.7502508895163356,0.024438679818652668
AhypMYB116,0.14390372223675904,-0.15334829965045058,-1.2657245173363727,-0.31866732436836614,-0.5913240436956625,1.7732360833605434,-0.28871600329198505,-0.017838469897582507
AhypMYB117,0.11652132539481568,1.3372407062320857,-1.027610116913435,-0.1870319709831582,1.0533275255871182,-0.3416225489648251,-0.24273703348383133,-1.062671936973696
AhypMYB118,-0.30173900298247036,0.24031776140347866,1.1184038749133667,0.9075712122781951,-1.585761903218693,1.062277081063058,-1.0105927466547275,-0.7828963557412465
AhypMYB119,-0.014776351809327765,0.6775884149327833,1.7751004094181828,0.12990709381276314,1.57903088794044,-0.704038224109163,0.35469485638085724,0.0949920121091718
AhypMYB120,1.2323429017011878,-0.3837083915639168,0.7881514237674071,-0.27699247002937866,1.1858257746566572,-0.4423750154301278,0.22996302285630082,1.4973425889274137
AhypMYB121,0.8253732603057344,1.3491137056280909,1.9305727296866748,-1.063034346219311,2.233804279472721,-0.6516756780300491,0.11049474082504308,2.2643217819078614
AhypMYB122,-0.3389140492358667,-0.41651600461025173,-0.43600083565319026,-0.2971528294900236,1.462127623880031,-0.3184396542339702,0.5675851628803896,-1.0274433239558651
AhypMYB123,0.0643070519782652,-1.9049813438076435,1.241698510339766,-0.5979413471653439,-1.041876746968323,0.07152113356543827,-0.25956744862541903,-0.4715757528551044
AhypMYB124,0.08787808563558876,-1.00674077399893,-0.7926741922589,-0.5373239682854132,-1.853032323819506,0.5133629750347266,-1.7178765496701145,-2.209288807241988
AhypMYB125,0.2607569726846565,2.423746574522446,0.8793507410387215,-0.8826126041791861,0.020486644395302633,-0.7122090183585335,0.637846701952734,1.3746765421016214
AhypMYB126,0.8529169391717888,0.686907559585367,-1.208050969817559,0.6013440468743942,-2.5693464911023756,0.19787217718172978,-1.3441229956577574,1.5362461585547604
AhypMYB127,0.4626274280774603,-0.10455109485601001,2.931022451479619,0.07514053785188986,0.22867127836996584,-1.3543767011710182,-1.619667200231633,2.2376809307866328
AhypMYB128,-1.659393438731487,1.0757916067819357,-0.7457247156316356,-1.1661498540344732,-1.6766505428754972,1.7687621577298434,0.03741211761324518,-0.9864606589881829
AhypNAC01,-0.98,-0.52,-0.01,3.62,-1.11,-0.78,-1.05,-0.78
AhypNAC02,-0.04,-0.42,-0.34,-0.01,-0.7,-0.63,0.63,0.19
AhypNAC03,-0.81,3.45,1.3,-0.35,-0.96,-0.63,-0.47,-0.74
AhypNAC04,1.18,-0.79,-0.64,-0.38,0.99,-0.63,0.79,-0.07
AhypNAC05,1.05,-0.33,-0.27,0.07,-0.94,-0.71,-0.63,-0.77
AhypNAC06,1.82,-0.38,-0.31,0.02,-0.42,-0.51,0.1,1.04
AhypNAC07,0.84,-0.55,-0.44,-0.14,2.39,-0.36,0.3,0.15
AhypNAC08,1.25,-0.69,-0.56,-0.28,1.07,-0.05,0.52,-1.15
AhypNAC09,-0.8,1.28,-0.3,0.03,-0.88,-0.39,-0.22,-0.47
AhypNAC10,-0.54,-0.52,-0.42,-0.11,-0.25,0.47,-0.69,-0.84
AhypNAC11,2.0,-0.16,-0.13,0.24,-0.43,-0.47,-0.43,-0.29
AhypNAC12,1.39,-0.5,-0.4,-0.09,0.86,-0.87,1.72,0.4
AhypNAC13,-0.94,-0.37,3.08,0.03,-0.98,-0.69,0.37,-0.71
AhypNAC14,-1.13,2.24,1.34,-0.57,-0.82,2.13,-0.47,-0.21
AhypNAC15,-0.41,1.05,2.22,-1.45,0.71,-1.04,-0.16,-1.0
AhypNAC16,-0.9,0.7,-0.34,-0.02,-0.81,3.48,-0.54,-0.17
AhypNAC17,-0.26,-0.4,-0.33,0.0,-1.0,-0.78,-0.71,-0.85
AhypNAC18,-0.83,-0.7,0.94,-0.82,0.41,1.31,-0.71,-0.96
AhypNAC19,-1.03,-0.54,-0.43,-0.13,-1.12,-0.3,2.2,1.28
AhypNAC20,-0.32,1.32,3.06,-0.76,-0.49,-0.83,-0.4,-0.27
AhypNAC21,1.19,-0.34,-0.28,0.06,2.05,-0.72,-0.64,0.21
AhypNAC22,-0.56,0.27,0.21,0.66,-0.42,-0.16,0.05,-0.12
AhypNAC23,-0.8,-0.14,-0.11,0.26,-0.77,-0.04,-0.41,4.53
AhypNAC24,1.18,-0.69,-0.56,-0.28,1.48,-0.92,0.61,0.3
AhypNAC25,-0.13,-1.36,-1.09,-0.94,0.59,0.6,-0.23,-0.54
AhypNAC26,-1.1,1.35,-0.59,-0.32,-1.11,-0.25,-0.42,0.19
AhypNAC27,-0.08,-0.62,-0.5,-0.21,-0.08,-0.26,-0.15,-0.15
AhypNAC28,1.26,-0.78,-0.62,-0.36,0.91,-0.72,1.82,-0.28
AhypNAC29,-0.7,1.85,2.03,-0.65,-0.99,-0.53,-0.56,-0.9
AhypNAC30,-0.56,0.27,0.21,0.66,-0.42,-0.16,0.05,-0.12
AhypNAC31,-1.0,-0.47,-0.38,-0.06,-1.06,3.23,1.57,-0.54
AhypNAC32,-0.97,0.73,-0.54,-0.25,-0.94,0.72,0.02,3.8
AhypNAC33,0.29,-1.0,-0.81,-0.59,0.64,-0.29,3.02,0.8
AhypNAC34,-0.35,-0.37,-0.3,0.03,-0.52,-0.58,-0.67,-0.57
AhypNAC35,-0.47,-1.22,2.2,-0.79,1.17,-0.03,-0.67,0.12
AhypNAC36,1.88,-0.29,-0.23,0.12,0.28,-0.53,-0.58,0.17
AhypNAC37,1.05,-0.64,-0.52,-0.23,0.95,1.44,-0.98,0.95
AhypNAC38,-0.71,-0.29,-0.24,0.11,3.19,0.33,-0.59,0.46
AhypNAC39,-0.99,-0.53,-0.43,-0.12,-0.42,0.96,-0.49,-0.73
AhypNAC40,-1.34,0.43,-0.97,3.1,-1.12,-0.09,-0.45,1.87
AhypNAC41,-0.68,2.73,1.94,-0.58,-0.68,-0.73,-0.81,-0.77
AhypNAC42,-1.13,1.26,-1.1,2.84,-1.09,-0.69,-0.57,0.82
AhypNAC43,-0.52,0.84,1.71,-1.18,-0.74,-0.66,-0.95,-0.66
AhypNAC44,0.88,-0.68,-0.55,-0.27,1.81,0.37,1.56,-0.26
AhypNAC45,-0.43,2.66,1.94,-0.77,-0.83,-0.57,-0.9,-0.66
AhypNAC46,0.0,-1.09,-0.88,-0.67,1.19,0.08,-0.48,1.86
AhypNAC47,-0.65,-0.07,-0.55,-0.27,-0.62,-0.25,-0.59,-0.34
AhypNAC48,1.45,-0.43,-0.35,-0.03,0.84,-0.81,-0.75,-0.22
AhypNAC49,1.43,-0.58,-0.46,-0.17,0.48,-0.78,0.29,-0.42
AhypNAC50,1.96,-0.2,-0.17,0.2,-0.07,-0.11,-0.48,-0.63
AhypNAC51,-0.38,-0.38,-0.31,0.03,-0.33,0.09,-0.68,-0.3
AhypNAC52,-0.5,1.85,-0.46,-0.16,-0.52,-0.62,-0.23,-0.77
AhypNAC53,0.31,-0.89,-0.72,-0.48,0.71,2.46,0.63,0.52
AhypNAC54,-0.57,-0.5,-0.4,-0.09,0.25,-0.36,-0.45,-0.53
AhypNAC55,1.54,-0.45,-0.36,-0.04,-0.18,-0.68,-0.76,-0.89
AhypNAC56,-0.89,-0.49,-0.4,-0.08,-0.93,1.39,-0.51,-0.35
AhypNAC57,-0.78,-0.19,-0.16,4.93,-0.74,-0.48,-0.4,-0.42
AhypNAC58,1.46,-0.47,-0.38,-0.06,-0.48,-0.66,-0.79,-0.43
AhypNAC59,1.5,-0.65,-0.53,-0.24,1.05,-0.05,0.31,0.44
AhypNAC60,1.95,-0.23,-0.18,0.18,-0.05,-0.44,-0.51,-0.04
AhypNAC61,-0.92,1.19,-0.83,-0.61,-0.01,1.52,0.98,-0.55
AhypNAC62,-0.67,-0.64,-0.52,-0.23,-0.42,-0.29,0.35,-0.46
AhypNAC63,-0.05,-0.51,-0.41,-0.1,0.81,2.99,-0.83,1.03
AhypNAC64,-0.5,-0.65,-0.52,-0.24,2.16,0.11,0.63,-0.35
AhypNAC65,1.18,-0.55,-0.44,-0.14,1.01,-0.7,0.99,1.7
AhypNAC66,0.44,-0.99,-0.79,-0.57,1.27,0.73,1.32,-0.03
AhypNAC67,-0.76,1.11,2.63,-1.17,-0.58,-0.66,-0.89,-0.73
AhypNAC68,-0.88,-0.28,-0.23,0.12,-0.89,-0.3,-0.54,-0.69
AhypNAC69,-0.9,-0.31,-0.25,0.09,-0.92,0.53,4.52,1.07
AhypNAC70,-0.56,0.27,0.21,0.66,-0.42,-0.16,0.05,-0.12
CNL_AH000033-RA,2.182952144586294,0.8847926057270493,1.5568506818749968,1.865493373978408,0.07896902227025397,-0.2939636074604013,-1.2627491656622376,1.1189042867300922
CNL_AH001450-RA,1.392437946093958,1.4479077266148461,-0.6037678159604803,1.9086374535423218,-1.2235097432283188,0.07411045874367697,2.1973613377043604,0.14336141864035537
CNL_AH002056-RA,-0.6851065779624762,-0.2731957418544137,-1.4421555807083364,0.03620438183842281,-0.19603682858597976,1.0347644220751138,0.6610814620954054,-1.3403999880294044
CNL_AH002167-RA,-0.8629014536741559,-0.3869110039538621,0.515050265218426,-0.46334479145246904,1.582202963333372,1.457474911041079,0.6467613700703172,-1.9152915837456235
CNL_AH003350-RA,-0.18609658737441778,-0.1746994819380341,0.7987535193703627,0.9854636391464117,0.4852376927313151,1.613299148813366,-1.1276899777585545,-0.29791758035619076
CN_AH003387-RA,0.12504145974726427,-0.996982375624966,0.5596730461833209,0.021363492466584127,1.3063256954719455,1.0115021003736988,-0.5638807838782176,-0.1391542750910986
CN_AH003495-RA,-0.13774354916402,-1.1320197753785486,-0.40830908163719265,-0.4574571406183003,1.3808990056527755,-0.3365611604545942,-1.4998009537479435,1.43230261632527
CN_AH003497-RA,1.6909621111819995,0.14241754162199413,-0.30010347433419227,-0.6099802326094799,-0.5647871758533527,0.6812963455864194,1.2140393068639033,-1.6546459348888858
CNL_AH003498-RA,-0.3146252405106117,0.1499340563641691,-1.3174099538887694,1.7273865258210495,0.29654482326543885,1.358317234225048,0.40661833938424097,-1.1929894142814028
NL_AH004114-RA,-0.5425504883624902,-1.6510743890126178,0.5395351621740506,1.2795092468224107,-1.4001402931078992,0.35159384842148395,0.847650880366367,0.421394720444921
CNL_AH004271-RA,-0.3717571226645566,0.7047557323912227,-0.49514125693144795,0.5021897889629732,0.6923117202482544,1.1330803968729724,0.4529699161939221,-0.41822781063000225
CNL_AH004272-RA,-1.5109558421962122,-2.2195917579321836,-0.01608540413574226,-0.9186931626311426,0.09021912602502707,-0.054623034907276366,-1.1482362098695715,-0.7835898984100951
CNL_AH004519-RA,-0.3090497603737051,-0.568539105769185,-0.02311546992722951,1.0433717368160642,0.06641537573333693,-2.569804725206114,0.5363680086568743,-0.6220538588135578
TNL_AH004705-RA,1.1589390353688187,-0.9913993101826428,-1.0121714940052613,-1.4004266238883418,-1.6702543106890226,-0.7622684786198684,1.3803705582221175,0.04046487977794626
CN_AH005985-RA,-2.2982127968561157,-0.7665887807302842,-1.0863948160439467,-1.3189963564389815,0.6458408801083471,-2.651821302951131,-0.8546761894641952,1.1538507845859893
NL_AH006141-RA,-0.26426200706220554,0.5592729893770843,0.18970364647760118,0.09031943294174595,-0.5139170671794254,0.3977155555892145,-0.4820181847764911,2.831683595054051
CNL_AH006368-RA,0.14723585095476074,-1.6900103921014529,0.8396818949726356,0.8049133725465685,-0.357107283454586,1.7548786653133044,-0.21012037969493905,0.08331127485234456
CN_AH006369-RA,0.8355531203859603,0.3127194347472008,0.779566599179389,-0.011871944311988736,-0.38422747895166953,0.34169457006264364,2.280982649150527,0.029511130921499786
CNL_AH006373-RA,-0.2687817795458147,-0.35865079517859433,0.336764737133427,-0.164440489999475,0.027299573187408697,-0.47348017752186855,-0.33916567019914995,0.747052655893683
N_AH006375-RA,-0.9173251916912987,-0.010781938463634039,-0.22452292206167057,1.9190891936414423,1.6515233698470841,-1.8673160546070555,0.05840881127080515,-0.8814780112084797
CNL_AH006606-RA,-2.07843523496469,0.2938834835994714,0.5139913481010143,1.4272846851886105,1.6680864672292715,0.6017306396006955,0.7182983680736631,0.903780469907189
NL_AH006614-RA,-0.26886436947278564,0.2549335425821401,-1.0485265269960766,-1.7196430354319534,-0.21011559077702338,1.2089157181801409,-0.27533191796649303,2.0783051854281784
NL_AH006615-RA,2.7255200468634424,2.196967302068718,-1.0832853934359834,0.855728203522949,0.6909345993622066,-1.4252289434221852,0.25887357813090695,0.4044864749378762
CNL_AH006618-RA,0.11480024049309633,-2.5117646267336355,-0.6452449871260431,1.5198276170998097,-0.2230374616177622,-0.8464330271921495,0.8996544826264807,-0.7913709267009921
NL_AH006842-RA,0.38321498574692464,1.384487711308645,0.5996533307801224,1.185679722591532,0.17772683815387724,-0.7875968736550526,0.12335294752094912,0.34652301761459214
CN_AH008122-RA,0.8669958774906485,-0.3848412450876097,-0.6688166961388593,-0.6173736781407857,0.0317244912337484,-0.28524660581318195,0.11337134519963224,1.3451998267667622
CN_AH008125-RA,-0.97971907942554,-0.2458293078395921,-0.9687738143264313,0.3643393695997069,1.3614485893051218,-0.7658539068139041,-0.8986027562973712,-1.8443929134352866
CNL_AH008192-RA,-0.35658327278715596,-0.6285334853197171,0.24851309280159492,-0.7722525124422878,0.4495499814808915,-1.782177790361857,-0.47218625616267845,0.3563554687991047
NL_AH009429-RA,1.1790421568719405,-1.0182150936908916,0.6150023087622737,-1.6867474335177395,-1.4679119003042098,0.11195881328945272,0.2103599303539063,-0.774591473111226
CNL_AH009755-RA,-1.235799917763672,-0.23922683337946854,-0.5250543922431605,1.3814450822842685,-0.4643974201844143,-0.7428594263285443,0.6468698725587929,-0.36459959595655417
CNL_AH009756-RA,-1.488664761564435,-0.20277746521450887,1.3294705892963752,0.31565925659252947,0.3873826649395524,-0.7314775910908298,0.23779017639058425,-0.5735809245569018
CN_AH009758-RA,1.0857917109898276,-0.2945740446153344,-0.556234472883945,0.8633476583497782,-0.045274276209816666,0.14094777019006433,0.2844585716940089,0.4392441449553495
NL_AH009759-RA,0.8271727965824646,-0.05154878218240319,-1.8683471943134875,-1.2945948992979475,0.7043484822139737,1.4236438600094212,0.4086823278489938,1.7439648019013785
NL_AH009828-RA,-0.2860710255564779,-1.5917560976691418,1.1756579499391209,1.6036480821226338,-0.5224061574162709,1.5763806815148125,-1.0721857216699722,0.3399707644757874
NL_AH009834-RA,-0.3476982194077873,-0.7558794700020716,-0.60875453180944,-1.6702592717738456,0.18231783160901505,-0.09497052662915963,1.0600289696051832,-0.585172774541524
N_AH009842-RA,-0.1865892439514592,0.5055688812634751,0.8042612886620611,-0.34049784497443486,-0.47745627045012945,1.0035381136538277,0.7874528509936162,1.3279749555960918
NL_AH009843-RA,0.3971540637118031,-1.2450826719166541,0.6179124427614396,-0.03854938947919917,-1.7201744977491353,-2.3403413335934444,-0.6148775019777555,-0.012311480434429397
CNL_AH009847-RA,0.2785262584953166,0.38531063604080523,1.19581264572808,-1.131407398468085,0.23877482736237943,-0.5709127897091925,-1.7121375042857077,0.923398029388361
CN_AH009848-RA,-1.076295237513344,-1.3068320091519312,-0.5966783869719274,0.2771135897321708,0.9779729624745164,0.4732372652917358,-0.7814729528784446,1.0770626389105176
CNL_AH009849-RA,-0.24628047776244397,-1.6341920702682216,-0.8578990025761992,-0.9057287346513065,-0.8123315777739935,-1.0001761340462922,-0.7707996569724598,-1.3879024713510966
CNL_AH009997-RA,-0.6989454281798647,0.32096964616491175,1.6252563415520243,0.017121910569044142,-1.7762919235718069,-0.527931620111816,-1.0518769769756902,0.5243125650932414
CN_AH010002-RA,0.2836350547299075,0.41928208298469355,0.3862408790192985,0.8116405861711716,-1.131796461637745,-0.4055287183481907,-0.31279779926417517,0.705900090865896
CNL_AH010091-RA,-1.0367656932331901,0.5906454445547425,0.20769206454692446,1.9259542002800523,-0.16743598041214602,-0.48110843651399726,-0.5811522060328089,-0.3906750475767078
CN_AH010573-RA,0.3413596440299996,0.7982403728569224,-0.15782660966236167,-0.16721559591300522,1.7334725676982938,-1.402752765553532,0.9128960845039319,-0.5851624687933675
N_AH011686-RA,0.5324778084622668,-0.10246404814925605,-0.943297956832665,-1.1102927562586424,0.8135999149918731,-0.11091844277663884,1.1658932163565288,-0.43290872250507845
CNL_AH011899-RA,-1.7640583500807594,0.3528596475096271,0.04263404896388002,0.014755984286558343,-0.30548022677861353,1.2096618673967923,1.2038635987682051,0.08831402977095952
NL_AH011939-RA,-0.5752572038719326,0.3661595807501617,0.4199271616580534,0.6519389215500686,-0.19832328242577169,-0.19013163144990078,-1.6377735394647184,-1.9508930335051666
CNL_AH011940-RA,-0.09400243218518334,-1.020672407744902,0.8115144750339391,0.11442041620909159,-1.1896235439942333,-1.9116036509396912,0.1813930701673886,-0.4935557121885452
CNL_AH012204-RA,0.7198341421026289,-0.04777785241140217,-1.9937992055190101,-1.3692979741546134,-1.2253907178508678,0.3042244717377978,-0.3376339590042544,-1.4896859301343326
CNL_AH012242-RA,-0.7137123483675998,1.0947013971864825,0.16009977290366215,0.17894239172887366,-0.5039919157514361,-0.5095454818881079,-0.7996499650360636,2.2263538613310514
CNL_AH012260-RA,0.5657660588803165,0.891490597751614,0.056653316990054305,1.5471824681182724,0.6015208753572843,-1.631933989014588,0.2729818353445596,1.2069743039854062
CNL_AH012266-RA,0.11731939951353215,2.754700839482565,2.1899779956542256,0.2242948081190132,0.47404749469467444,-0.854119912725834,1.6092422196127854,-1.879483516574787
NL_AH012274-RA,-2.2955652888567126,-0.4915266942964571,-0.9899950700000687,0.07422369686124611,-1.4458710779152144,0.6004195304145474,-0.49917442111391735,2.64754304902057
N_AH012293-RA,-0.9962530684434951,0.7897786646014816,0.9759763658948948,-0.3564365029363832,-0.469175753103713,1.0464392166727272,0.3323306756295729,-0.42508639764035766
CNL_AH012295-RA,2.237216969639889,-1.5609960535810288,-0.0011055489150178144,0.5248661090554108,-1.783273193650478,-0.6653906532592984,0.2177892774614467,-1.6190046135494898
NL_AH013356-RA,-0.12896147303567243,-1.5484028990217256,0.6247896801440246,0.5273264406695694,-0.7606212464582416,-0.9644815642092365,1.0392267321077389,0.7904572952863583
NL_AH013357-RA,1.0785493742905925,-0.7482567381155737,-1.0364628732183954,1.9152361591989504,-0.557261908502104,-0.5476497263481708,1.0037889753473221,2.5079425701809113
CN_AH013470-RA,0.6848888474200373,-2.655556744590085,-1.0435676329521368,-1.538072797917851,-0.6684865334795267,0.8182830547936587,0.14593018714967557,-0.379163568005633
N_AH014099-RA,-2.046092761299403,-0.24919265524492748,1.9906952355289966,-0.39219504516948706,0.147985654133409,1.5639530418445475,0.8165568962089164,0.6388648121748323
CNL_AH014844-RA,-0.13694603254928747,-0.42462964042091267,0.6837043777732374,0.23763260418092436,-0.06848936665094404,1.1032156789751715,0.06796634292271773,0.16920852130191932
CNL_AH014846-RA,-0.8758268703009242,-1.159816582742051,-1.0192637823181472,0.11129988585578741,0.7689614985935104,0.014629287834217557,-0.7245878320959936,0.9480808345670124
NL_AH015008-RA,-0.13167678404047473,-0.1709291706715201,-0.6560774427889738,-1.289282008795813,-0.308554064602731,1.1075263244000066,1.4162840204850364,1.4024257485023393
CNL_AH016085-RA,-0.3390619739727993,0.04831833251867962,2.3499885355789396,0.012494336562096125,-0.38489777454098073,-1.5657414041973428,0.007788595259373596,0.21586199505188314
NL_AH016086-RA,1.121406540038595,0.5801141481050825,-1.108841158502314,-1.0101896718491095,-0.2088854181020875,1.4085876937248314,-0.2953327061997607,1.3324533617877368
CN_AH016561-RA,0.31090014832289525,-0.6955127376031334,2.057740444139507,-0.8037130240728529,0.23629172542581567,1.527375390857873,-0.40865831331108604,0.5635155074348114
CNL_AH017033-RA,1.0875627524857925,0.11754751010209054,-1.367663383084801,0.9996596318653441,-1.095017936386439,-0.5327623709236572,-0.4165832816539596,0.2105724357449753
CNL_AH017052-RA,-0.7287070576167423,-0.08473621569912675,-1.6698030261271974,-1.3034435715521822,0.04306505675647971,0.6053345892625216,-1.268255266973506,-1.2698861470555447
NL_AH017313-RA,-0.4552068061342812,-1.038970648636681,-2.215947687418981,-0.44942366177117654,-0.814277160912253,-0.8484295585150132,0.7092172828434892,0.45077364695493966
NL_AH017374-RA,0.2255906487007141,0.0861091952205405,0.9976927902388059,-0.240941354791923,0.08252773851863678,0.8447109640948569,-1.2528438937816015,-2.1119616675661645
CNL_AH017537-RA,0.8156039737788537,0.22180711251876628,-1.0979933445865726,1.1311093247281416,0.5968812490108935,1.5669146509647698,-1.8284344202369605,0.17609078436372638
CNL_AH017807-RA,-0.8934629794065864,-0.9487390856446478,1.8145485199123716,-0.6349639987360534,-0.7013149564280443,0.36577783005513315,-1.114243662915359,-1.2605735917118033
N_AH018022-RA,0.1287624142553743,-0.511415640197678,1.3519320834540265,-0.6451151689214927,0.2665623166221314,-0.21238320601176577,-2.1696873441510705,-2.0480757820570896
CNL_AH018519-RA,-0.8047306929254103,1.5549289619835818,0.06832436787595893,-1.5213728693711064,1.4837911939890753,-0.24182633679948906,0.8344262052728052,0.3038126647376916
NL_AH019171-RA,-0.6427624754056921,-0.156832067662412,-0.7773799333218748,-1.7098073946239039,0.33576218212900605,1.7536056296258582,-0.6261512470528893,-0.0673924807927638
NL_AH019194-RA,0.6716380141803051,-1.0426576635020057,0.7286150428290518,0.5098232112144773,0.6263392526290249,-0.9377207634473929,-0.647061880729989,1.3558163577942728
NL_AH019197-RA,0.6436145630972195,-0.20124902975924697,-0.6238829863509044,1.3366429554100232,-1.3745604382811574,1.0274272145111807,1.1298385517577516,0.61291003616652
CNL_AH019198-RA,0.609710561604025,-0.961517307753344,0.20330409862331536,0.9407814041029088,-0.7371526411882244,-0.606791416597934,0.682494326353929,0.3222973031950184
CNL_AH019238-RA,0.6165801639727426,0.5120725227763098,0.2223970111630544,0.28043257039597214,0.4090636722514423,1.051034102663492,-2.243273523259469,-1.0174118420461788
CN_AH019582-RA,0.7021040640045272,0.13175067743834068,1.2203159643216537,1.073415997250335,1.0194102080209795,1.6686200240754745,0.29500547419126977,-0.42905040406565587
N_AH020116-RA,-0.8938656409615531,0.4229304146577624,1.4112768848383128,1.4416664239880022,-0.08498377740335945,0.07376696967912962,-0.5175857721670556,-0.3083932335051003
N_AH020119-RA,0.5113664159689352,0.9434065311615358,-0.6619445995022462,-0.40086528236591806,-0.2803196901007004,0.5667295576788917,-0.2654893437705635,-0.03965143326947519
N_AH020261-RA,0.9236428905847436,0.6103374454587849,1.7666859977652876,0.1999222995818115,-0.727898535029201,0.7304611093775258,-1.0476754928206597,0.1963014596129078
N_AH020264-RA,-0.07156511566637588,1.270295027005557,-0.1913540926310746,-0.9245232822828728,0.05102901618644171,0.4703984671242229,-0.04024534390261355,0.8007482539901316
CN_AH020266-RA,-0.9171526161600085,0.798656032995568,-0.1915756816401944,0.7413816558640769,-0.25675438734101863,-0.8378814129345167,1.8149386504661165,0.978447275134019
NL_AH020268-RA,0.26380035484681424,-0.7721390488436324,-0.8581090291313608,-0.6660397700055706,0.3500079207890565,-0.4220525653994056,-1.371598450519786,-1.4767560851114367
N_AH020307-RA,0.3108740805142358,-0.15949761935003862,-0.2742902738357265,-0.15926388522498017,0.6254702367915154,1.2440218579263767,0.6343433400819212,-0.6070467543279975
CNL_AH020611-RA,1.451015213728544,-1.1628142469816263,-1.2466112974299952,-1.5559889836166152,-0.8014136665567838,0.908794159911164,-1.1108762474990754,0.0669391920091727
CN_AH020612-RA,1.0867641851926573,2.2383062943929457,0.008748892015600616,0.5169412904746429,-0.06824689204314224,0.45887124696019843,-0.25561125663255646,-0.9789872154360031
CNL_AH020614-RA,0.7622447376276309,2.2152529437119495,1.644894344605604,-0.6989968045962033,-0.5965201678934869,-0.2965057871976976,-0.10371070205298213,0.46289446225454706
CN_AH021370-RA,-0.3538547147981318,-0.39544343984265895,0.06461310676672384,-0.7862455647652723,0.5888109335684524,0.9014624719131277,-0.981308778591584,-0.9158816276799486
N_AH022264-RA,-0.9581876261084703,-0.09796468830633683,0.41327638792628146,-0.22430182334549859,1.7401075548015388,-0.581600856150415,0.6774467805302113,0.7032088262767001
NL_AH022266-RA,1.1254760265753396,0.5077240434825011,-0.5432123795299952,-1.0334885502183746,0.8180175679712454,0.19720905524940766,0.5510334161575663,0.35820088639897757
N_AH022267-RA,0.4813651695032688,1.0394900269707,-1.101447001660707,-0.21794964609603673,0.8315771607712819,-0.7645773625304123,-0.5401681584371679,2.424683204397996
N_AH022268-RA,-0.4290263600021333,0.49588899048906376,0.5844917611598738,-0.5903548645669342,-1.6341808911327387,0.1244258791563618,-0.7997500218409607,0.22044589476699947
CN_AH022269-RA,-0.7210864165449401,-0.30315991588185415,-1.1101628253110993,-1.0394749542842276,-0.2764014208025172,0.45137005320526624,-0.7808459253276225,-0.8676736580551385
N_AH022270-RA,-2.0152455798597546,0.7397419895621711,-0.9843569702436111,1.2449976885806509,-0.7197220286062066,2.5368198795315293,-0.22010461863159947,1.1262347927339615
N_AH022271-RA,2.325977126200876,1.3288000649982388,0.568826405008423,-1.0004131120324753,-0.5475227454493863,-0.24910622005324723,0.6731203642201881,1.3537776299626656
N_AH022272-RA,-0.23026572559782493,2.0658528723354985,-1.636465547254276,-0.224359104626859,-0.14831108135589421,0.3046748104298107,1.0503035940119525,1.368306410074811
N_AH022274-RA,-3.301404386144466,0.8518228673466554,-0.6333888946640338,-1.3907260221704338,0.36035787679159414,-1.0395168926192342,0.2846927982921801,0.8742138768880106
N_AH022276-RA,-0.08371190395396842,1.8467979405743604,0.2772476292932819,0.16248708363529632,0.39895602264513763,0.45000488839948016,1.0325674299339478,0.5551592663157507
CN_AH022277-RA,0.06335519904411957,0.3713792352008202,0.6267938471925392,0.547947387911949,-0.010669910351115672,-0.04904375815648048,-0.01948260411738811,0.6451496652254871
CN_AH022278-RA,-0.6066576176710189,0.13891210932627784,0.2538984195665168,-1.9571286448541876,-0.6706428065437193,1.4635095273822227,-1.8904830194205777,-0.6650673836854092
N_AH022279-RA,-0.9881221846084245,-2.8313166238165457,0.11131713344970424,-1.422013988846419,-0.4662819026586789,1.1483038354157535,2.2532859729081776,1.9864673823944965
N_AH022281-RA,0.5005613702257155,-0.2657263838019179,0.03833491083002573,-1.0601197784149237,0.9405928095522205,0.6679464252757266,0.13142727709414198,-0.1719200216300391
CN_AH022283-RA,0.6480263984176566,0.05873511832778139,-0.4345845086439048,0.7432739387375785,-1.579007543658445,-0.5945661786556774,-0.5834938320775556,-0.40352420014669765
NL_AH022284-RA,-2.433228207397296,-0.272544134079991,0.8543554487676402,0.1869675878698961,-0.4450181764286808,2.571949429457885,0.7164627320282893,-0.1828401370410401
NL_AH022464-RA,0.6873957380804748,-2.697200475533487,0.1261565316989482,-0.89875406814307,-0.45142068834925264,1.1682524193219994,0.19209289004971403,1.9078558724701793
CNL_AH022544-RA,0.6050619554002741,0.8994927084697065,-0.48260976500652863,0.2366269601533823,-0.8118179180774457,2.8069374210495033,0.8655363327862794,-0.8832704493228021
CNL_AH023357-RA,0.2794812280483328,0.9053598425680067,0.8332568637593365,0.48360902299496417,-0.8284021385957607,1.0710006864585044,0.503535995508827,-0.055360703398629016
CNL_AH023358-RA,0.27069860042421257,1.149293551089523,0.29011139100000566,-1.5338580600569276,0.08298858773275011,-0.08385531978770627,-0.22764961822068927,-0.3644555343994997
CNL_AH023362-RA,0.4243243909265874,1.3243598914657613,0.8597267937486265,-1.7579672268502677,-1.2250265430803846,0.7186744579111178,0.7827791057051064,-0.10463098648263554
CNL_AH023363-RA,0.65099935293467,0.36799649375460725,-1.6145221331142308,-1.3115321961716642,-0.512072419989411,-1.0397952688444487,-0.8401517883522793,-0.23318055306835697
